times,gctimes,memory,allocs
104000.0,0.0,217488,1014
66500.0,0.0,217488,1014
75600.0,0.0,217488,1014
70200.0,0.0,217488,1014
53300.0,0.0,217488,1014
62900.0,0.0,217488,1014
53000.0,0.0,217488,1014
54700.0,0.0,217488,1014
82200.0,0.0,217488,1014
58200.0,0.0,217488,1014
57000.0,0.0,217488,1014
53100.0,0.0,217488,1014
51700.0,0.0,217488,1014
57600.0,0.0,217488,1014
57500.0,0.0,217488,1014
67300.0,0.0,217488,1014
62900.0,0.0,217488,1014
86700.0,0.0,217488,1014
55700.0,0.0,217488,1014
52400.0,0.0,217488,1014
48600.0,0.0,217488,1014
73500.0,0.0,217488,1014
64700.0,0.0,217488,1014
77800.0,0.0,217488,1014
66100.0,0.0,217488,1014
85800.0,0.0,217488,1014
64500.0,0.0,217488,1014
103000.0,0.0,217488,1014
64800.0,0.0,217488,1014
80400.0,0.0,217488,1014
67500.0,0.0,217488,1014
89200.0,0.0,217488,1014
66000.0,0.0,217488,1014
97300.0,0.0,217488,1014
68500.0,0.0,217488,1014
84100.0,0.0,217488,1014
64600.0,0.0,217488,1014
82000.0,0.0,217488,1014
64000.0,0.0,217488,1014
79800.0,0.0,217488,1014
63900.0,0.0,217488,1014
77400.0,0.0,217488,1014
65200.0,0.0,217488,1014
77800.0,0.0,217488,1014
64100.0,0.0,217488,1014
78800.0,0.0,217488,1014
64700.0,0.0,217488,1014
77900.0,0.0,217488,1014
66600.0,0.0,217488,1014
75900.0,0.0,217488,1014
67400.0,0.0,217488,1014
76500.0,0.0,217488,1014
62900.0,0.0,217488,1014
76400.0,0.0,217488,1014
66900.0,0.0,217488,1014
77300.0,0.0,217488,1014
63300.0,0.0,217488,1014
84200.0,0.0,217488,1014
64400.0,0.0,217488,1014
103900.0,0.0,217488,1014
67500.0,0.0,217488,1014
88600.0,0.0,217488,1014
72000.0,0.0,217488,1014
87200.0,0.0,217488,1014
68700.0,0.0,217488,1014
83200.0,0.0,217488,1014
66700.0,0.0,217488,1014
86700.0,0.0,217488,1014
73400.0,0.0,217488,1014
77900.0,0.0,217488,1014
63600.0,0.0,217488,1014
78000.0,0.0,217488,1014
64200.0,0.0,217488,1014
77700.0,0.0,217488,1014
64600.0,0.0,217488,1014
81700.0,0.0,217488,1014
65400.0,0.0,217488,1014
77600.0,0.0,217488,1014
64400.0,0.0,217488,1014
81200.0,0.0,217488,1014
67500.0,0.0,217488,1014
90400.0,0.0,217488,1014
68800.0,0.0,217488,1014
96200.0,0.0,217488,1014
65100.0,0.0,217488,1014
77100.0,0.0,217488,1014
62700.0,0.0,217488,1014
77600.0,0.0,217488,1014
63700.0,0.0,217488,1014
78800.0,0.0,217488,1014
65700.0,0.0,217488,1014
101000.0,0.0,217488,1014
66600.0,0.0,217488,1014
82700.0,0.0,217488,1014
66000.0,0.0,217488,1014
79500.0,0.0,217488,1014
64200.0,0.0,217488,1014
78400.0,0.0,217488,1014
66900.0,0.0,217488,1014
75900.0,0.0,217488,1014
63900.0,0.0,217488,1014
80200.0,0.0,217488,1014
65200.0,0.0,217488,1014
77600.0,0.0,217488,1014
66000.0,0.0,217488,1014
76900.0,0.0,217488,1014
65200.0,0.0,217488,1014
79100.0,0.0,217488,1014
64900.0,0.0,217488,1014
77700.0,0.0,217488,1014
63000.0,0.0,217488,1014
77200.0,0.0,217488,1014
64100.0,0.0,217488,1014
75600.0,0.0,217488,1014
66700.0,0.0,217488,1014
88200.0,0.0,217488,1014
66900.0,0.0,217488,1014
81600.0,0.0,217488,1014
63800.0,0.0,217488,1014
78000.0,0.0,217488,1014
63200.0,0.0,217488,1014
76000.0,0.0,217488,1014
70100.0,0.0,217488,1014
108000.0,0.0,217488,1014
64400.0,0.0,217488,1014
80100.0,0.0,217488,1014
67200.0,0.0,217488,1014
80200.0,0.0,217488,1014
67400.0,0.0,217488,1014
91800.0,0.0,217488,1014
72500.0,0.0,217488,1014
87600.0,0.0,217488,1014
69100.0,0.0,217488,1014
86000.0,0.0,217488,1014
65400.0,0.0,217488,1014
91500.0,0.0,217488,1014
67200.0,0.0,217488,1014
90600.0,0.0,217488,1014
76000.0,0.0,217488,1014
135900.0,0.0,217488,1014
100100.0,0.0,217488,1014
127900.0,0.0,217488,1014
95700.0,0.0,217488,1014
125900.0,0.0,217488,1014
86300.0,0.0,217488,1014
111200.0,0.0,217488,1014
134400.0,0.0,217488,1014
88800.0,0.0,217488,1014
63500.0,0.0,217488,1014
78800.0,0.0,217488,1014
65800.0,0.0,217488,1014
83200.0,0.0,217488,1014
65500.0,0.0,217488,1014
85300.0,0.0,217488,1014
68300.0,0.0,217488,1014
101100.0,0.0,217488,1014
64300.0,0.0,217488,1014
79800.0,0.0,217488,1014
77900.0,0.0,217488,1014
91300.0,0.0,217488,1014
73900.0,0.0,217488,1014
90800.0,0.0,217488,1014
80400.0,0.0,217488,1014
92100.0,0.0,217488,1014
78800.0,0.0,217488,1014
95100.0,0.0,217488,1014
78100.0,0.0,217488,1014
92300.0,0.0,217488,1014
79000.0,0.0,217488,1014
90400.0,0.0,217488,1014
80000.0,0.0,217488,1014
91800.0,0.0,217488,1014
77400.0,0.0,217488,1014
90500.0,0.0,217488,1014
78600.0,0.0,217488,1014
100100.0,0.0,217488,1014
78600.0,0.0,217488,1014
92200.0,0.0,217488,1014
77500.0,0.0,217488,1014
94200.0,0.0,217488,1014
78700.0,0.0,217488,1014
106400.0,0.0,217488,1014
76500.0,0.0,217488,1014
90500.0,0.0,217488,1014
77500.0,0.0,217488,1014
92600.0,0.0,217488,1014
77700.0,0.0,217488,1014
114200.0,0.0,217488,1014
77500.0,0.0,217488,1014
92800.0,0.0,217488,1014
78500.0,0.0,217488,1014
90600.0,0.0,217488,1014
76700.0,0.0,217488,1014
91800.0,0.0,217488,1014
85600.0,0.0,217488,1014
93500.0,0.0,217488,1014
78400.0,0.0,217488,1014
90300.0,0.0,217488,1014
80700.0,0.0,217488,1014
105600.0,0.0,217488,1014
80200.0,0.0,217488,1014
94100.0,0.0,217488,1014
77700.0,0.0,217488,1014
97900.0,0.0,217488,1014
80600.0,0.0,217488,1014
93900.0,0.0,217488,1014
79800.0,0.0,217488,1014
91200.0,0.0,217488,1014
79900.0,0.0,217488,1014
90300.0,0.0,217488,1014
78100.0,0.0,217488,1014
90000.0,0.0,217488,1014
78400.0,0.0,217488,1014
93400.0,0.0,217488,1014
76800.0,0.0,217488,1014
91000.0,0.0,217488,1014
79900.0,0.0,217488,1014
104800.0,0.0,217488,1014
78200.0,0.0,217488,1014
118300.0,0.0,217488,1014
78000.0,0.0,217488,1014
110000.0,0.0,217488,1014
83300.0,0.0,217488,1014
119300.0,0.0,217488,1014
80900.0,0.0,217488,1014
111200.0,0.0,217488,1014
89200.0,0.0,217488,1014
152400.0,0.0,217488,1014
114800.0,0.0,217488,1014
169300.0,0.0,217488,1014
119800.0,0.0,217488,1014
129500.0,0.0,217488,1014
81800.0,0.0,217488,1014
90200.0,0.0,217488,1014
78200.0,0.0,217488,1014
90000.0,0.0,217488,1014
82700.0,0.0,217488,1014
90400.0,0.0,217488,1014
77600.0,0.0,217488,1014
90300.0,0.0,217488,1014
78600.0,0.0,217488,1014
93200.0,0.0,217488,1014
78400.0,0.0,217488,1014
90100.0,0.0,217488,1014
78100.0,0.0,217488,1014
92400.0,0.0,217488,1014
82100.0,0.0,217488,1014
90300.0,0.0,217488,1014
78200.0,0.0,217488,1014
89900.0,0.0,217488,1014
78700.0,0.0,217488,1014
117800.0,0.0,217488,1014
76500.0,0.0,217488,1014
89000.0,0.0,217488,1014
77100.0,0.0,217488,1014
93800.0,0.0,217488,1014
78000.0,0.0,217488,1014
90400.0,0.0,217488,1014
77000.0,0.0,217488,1014
100100.0,0.0,217488,1014
77500.0,0.0,217488,1014
90500.0,0.0,217488,1014
77800.0,0.0,217488,1014
90700.0,0.0,217488,1014
82900.0,0.0,217488,1014
90500.0,0.0,217488,1014
77700.0,0.0,217488,1014
92900.0,0.0,217488,1014
78600.0,0.0,217488,1014
97700.0,0.0,217488,1014
76600.0,0.0,217488,1014
89900.0,0.0,217488,1014
78500.0,0.0,217488,1014
90500.0,0.0,217488,1014
81900.0,0.0,217488,1014
91100.0,0.0,217488,1014
77800.0,0.0,217488,1014
88000.0,0.0,217488,1014
76100.0,0.0,217488,1014
92700.0,0.0,217488,1014
77500.0,0.0,217488,1014
90300.0,0.0,217488,1014
77800.0,0.0,217488,1014
118600.0,0.0,217488,1014
76400.0,0.0,217488,1014
90300.0,0.0,217488,1014
77800.0,0.0,217488,1014
93300.0,0.0,217488,1014
81700.0,0.0,217488,1014
92000.0,0.0,217488,1014
77600.0,0.0,217488,1014
92400.0,0.0,217488,1014
78000.0,0.0,217488,1014
91600.0,0.0,217488,1014
78500.0,0.0,217488,1014
91800.0,0.0,217488,1014
83300.0,0.0,217488,1014
99500.0,0.0,217488,1014
77900.0,0.0,217488,1014
94300.0,0.0,217488,1014
78600.0,0.0,217488,1014
100700.0,0.0,217488,1014
89600.0,0.0,217488,1014
101300.0,0.0,217488,1014
103200.0,0.0,217488,1014
105400.0,0.0,217488,1014
86700.0,0.0,217488,1014
132700.0,0.0,217488,1014
137200.0,0.0,217488,1014
156400.0,0.0,217488,1014
129100.0,0.0,217488,1014
140600.0,0.0,217488,1014
85700.0,0.0,217488,1014
91400.0,0.0,217488,1014
78600.0,0.0,217488,1014
113200.0,0.0,217488,1014
81500.0,0.0,217488,1014
90600.0,0.0,217488,1014
76500.0,0.0,217488,1014
90000.0,0.0,217488,1014
78300.0,0.0,217488,1014
141200.0,0.0,217488,1014
89400.0,0.0,217488,1014
96600.0,0.0,217488,1014
80800.0,0.0,217488,1014
97400.0,0.0,217488,1014
84500.0,0.0,217488,1014
91000.0,0.0,217488,1014
76500.0,0.0,217488,1014
90400.0,0.0,217488,1014
80500.0,0.0,217488,1014
90000.0,0.0,217488,1014
78300.0,0.0,217488,1014
90500.0,0.0,217488,1014
77500.0,0.0,217488,1014
94600.0,0.0,217488,1014
78600.0,0.0,217488,1014
88800.0,0.0,217488,1014
76600.0,0.0,217488,1014
91000.0,0.0,217488,1014
83200.0,0.0,217488,1014
90500.0,0.0,217488,1014
77700.0,0.0,217488,1014
89900.0,0.0,217488,1014
78100.0,0.0,217488,1014
94900.0,0.0,217488,1014
76200.0,0.0,217488,1014
115700.0,0.0,217488,1014
78200.0,0.0,217488,1014
95600.0,0.0,217488,1014
76600.0,0.0,217488,1014
90100.0,0.0,217488,1014
75900.0,0.0,217488,1014
90000.0,0.0,217488,1014
79100.0,0.0,217488,1014
90300.0,0.0,217488,1014
76200.0,0.0,217488,1014
90400.0,0.0,217488,1014
76000.0,0.0,217488,1014
94200.0,0.0,217488,1014
76600.0,0.0,217488,1014
89400.0,0.0,217488,1014
76700.0,0.0,217488,1014
95900.0,0.0,217488,1014
77400.0,0.0,217488,1014
90600.0,0.0,217488,1014
77100.0,0.0,217488,1014
90200.0,0.0,217488,1014
80500.0,0.0,217488,1014
98400.0,0.0,217488,1014
78700.0,0.0,217488,1014
91000.0,0.0,217488,1014
78200.0,0.0,217488,1014
92900.0,0.0,217488,1014
77100.0,0.0,217488,1014
92200.0,0.0,217488,1014
76500.0,0.0,217488,1014
99700.0,0.0,217488,1014
83500.0,0.0,217488,1014
118200.0,0.0,217488,1014
76700.0,0.0,217488,1014
122700.0,0.0,217488,1014
85200.0,0.0,217488,1014
101800.0,0.0,217488,1014
104300.0,0.0,217488,1014
108400.0,0.0,217488,1014
88600.0,0.0,217488,1014
143700.0,0.0,217488,1014
127900.0,0.0,217488,1014
157300.0,0.0,217488,1014
128600.0,0.0,217488,1014
132200.0,0.0,217488,1014
88800.0,0.0,217488,1014
91700.0,0.0,217488,1014
76200.0,0.0,217488,1014
90400.0,0.0,217488,1014
78400.0,0.0,217488,1014
90800.0,0.0,217488,1014
76900.0,0.0,217488,1014
90700.0,0.0,217488,1014
78000.0,0.0,217488,1014
96100.0,0.0,217488,1014
76400.0,0.0,217488,1014
89900.0,0.0,217488,1014
76800.0,0.0,217488,1014
90600.0,0.0,217488,1014
81700.0,0.0,217488,1014
90200.0,0.0,217488,1014
76700.0,0.0,217488,1014
89500.0,0.0,217488,1014
77800.0,0.0,217488,1014
116400.0,0.0,217488,1014
77900.0,0.0,217488,1014
89700.0,0.0,217488,1014
78700.0,0.0,217488,1014
92000.0,0.0,217488,1014
78500.0,0.0,217488,1014
90600.0,0.0,217488,1014
77400.0,0.0,217488,1014
90800.0,0.0,217488,1014
82400.0,0.0,217488,1014
91100.0,0.0,217488,1014
77200.0,0.0,217488,1014
89900.0,0.0,217488,1014
76900.0,0.0,217488,1014
94600.0,0.0,217488,1014
77100.0,0.0,217488,1014
89400.0,0.0,217488,1014
77400.0,0.0,217488,1014
98600.0,0.0,217488,1014
78300.0,0.0,217488,1014
91000.0,0.0,217488,1014
77500.0,0.0,217488,1014
90100.0,0.0,217488,1014
80400.0,0.0,217488,1014
90500.0,0.0,217488,1014
77900.0,0.0,217488,1014
88700.0,0.0,217488,1014
76900.0,0.0,217488,1014
93200.0,0.0,217488,1014
78500.0,0.0,217488,1014
90700.0,0.0,217488,1014
76600.0,0.0,217488,1014
117300.0,0.0,217488,1014
78200.0,0.0,217488,1014
91100.0,0.0,217488,1014
78600.0,0.0,217488,1014
90100.0,0.0,217488,1014
80000.0,0.0,217488,1014
90500.0,0.0,217488,1014
79000.0,0.0,217488,1014
89100.0,0.0,217488,1014
78700.0,0.0,217488,1014
93900.0,0.0,217488,1014
76100.0,0.0,217488,1014
90600.0,0.0,217488,1014
76800.0,0.0,217488,1014
101400.0,0.0,217488,1014
79900.0,0.0,217488,1014
95200.0,0.0,217488,1014
6.9677e6,6.8446e6,217488,1014
85700.0,0.0,217488,1014
97800.0,0.0,217488,1014
56500.0,0.0,217488,1014
75300.0,0.0,217488,1014
76200.0,0.0,217488,1014
76400.0,0.0,217488,1014
54200.0,0.0,217488,1014
108500.0,0.0,217488,1014
76600.0,0.0,217488,1014
85400.0,0.0,217488,1014
51500.0,0.0,217488,1014
73400.0,0.0,217488,1014
73300.0,0.0,217488,1014
117700.0,0.0,217488,1014
77100.0,0.0,217488,1014
105000.0,0.0,217488,1014
98500.0,0.0,217488,1014
98900.0,0.0,217488,1014
73600.0,0.0,217488,1014
119100.0,0.0,217488,1014
98100.0,0.0,217488,1014
116000.0,0.0,217488,1014
99700.0,0.0,217488,1014
125800.0,0.0,217488,1014
102400.0,0.0,217488,1014
108400.0,0.0,217488,1014
111900.0,0.0,217488,1014
80600.0,0.0,217488,1014
66500.0,0.0,217488,1014
125400.0,0.0,217488,1014
84400.0,0.0,217488,1014
82000.0,0.0,217488,1014
77900.0,0.0,217488,1014
96800.0,0.0,217488,1014
68400.0,0.0,217488,1014
68700.0,0.0,217488,1014
52600.0,0.0,217488,1014
54600.0,0.0,217488,1014
52500.0,0.0,217488,1014
70400.0,0.0,217488,1014
66000.0,0.0,217488,1014
79800.0,0.0,217488,1014
65400.0,0.0,217488,1014
78800.0,0.0,217488,1014
67300.0,0.0,217488,1014
81100.0,0.0,217488,1014
66700.0,0.0,217488,1014
82000.0,0.0,217488,1014
64800.0,0.0,217488,1014
78600.0,0.0,217488,1014
65900.0,0.0,217488,1014
78400.0,0.0,217488,1014
67100.0,0.0,217488,1014
79500.0,0.0,217488,1014
65600.0,0.0,217488,1014
77800.0,0.0,217488,1014
68200.0,0.0,217488,1014
80500.0,0.0,217488,1014
91600.0,0.0,217488,1014
83500.0,0.0,217488,1014
74700.0,0.0,217488,1014
87000.0,0.0,217488,1014
74000.0,0.0,217488,1014
84000.0,0.0,217488,1014
70100.0,0.0,217488,1014
83000.0,0.0,217488,1014
73500.0,0.0,217488,1014
91200.0,0.0,217488,1014
66500.0,0.0,217488,1014
66600.0,0.0,217488,1014
52000.0,0.0,217488,1014
53200.0,0.0,217488,1014
50900.0,0.0,217488,1014
54900.0,0.0,217488,1014
53400.0,0.0,217488,1014
68100.0,0.0,217488,1014
66700.0,0.0,217488,1014
79600.0,0.0,217488,1014
66300.0,0.0,217488,1014
79600.0,0.0,217488,1014
74000.0,0.0,217488,1014
86700.0,0.0,217488,1014
79400.0,0.0,217488,1014
82300.0,0.0,217488,1014
65500.0,0.0,217488,1014
76000.0,0.0,217488,1014
64500.0,0.0,217488,1014
78900.0,0.0,217488,1014
67300.0,0.0,217488,1014
77900.0,0.0,217488,1014
88400.0,0.0,217488,1014
79300.0,0.0,217488,1014
70200.0,0.0,217488,1014
80300.0,0.0,217488,1014
67200.0,0.0,217488,1014
84500.0,0.0,217488,1014
66800.0,0.0,217488,1014
79700.0,0.0,217488,1014
66800.0,0.0,217488,1014
78100.0,0.0,217488,1014
64100.0,0.0,217488,1014
78200.0,0.0,217488,1014
69300.0,0.0,217488,1014
80400.0,0.0,217488,1014
66300.0,0.0,217488,1014
83300.0,0.0,217488,1014
66300.0,0.0,217488,1014
80500.0,0.0,217488,1014
64600.0,0.0,217488,1014
80300.0,0.0,217488,1014
66800.0,0.0,217488,1014
79900.0,0.0,217488,1014
66800.0,0.0,217488,1014
80600.0,0.0,217488,1014
72700.0,0.0,217488,1014
82800.0,0.0,217488,1014
68600.0,0.0,217488,1014
81200.0,0.0,217488,1014
63900.0,0.0,217488,1014
78400.0,0.0,217488,1014
65300.0,0.0,217488,1014
79000.0,0.0,217488,1014
89200.0,0.0,217488,1014
77700.0,0.0,217488,1014
69300.0,0.0,217488,1014
80000.0,0.0,217488,1014
68200.0,0.0,217488,1014
82800.0,0.0,217488,1014
66000.0,0.0,217488,1014
84900.0,0.0,217488,1014
68200.0,0.0,217488,1014
82500.0,0.0,217488,1014
68800.0,0.0,217488,1014
79900.0,0.0,217488,1014
64000.0,0.0,217488,1014
79600.0,0.0,217488,1014
64900.0,0.0,217488,1014
80700.0,0.0,217488,1014
82200.0,0.0,217488,1014
107000.0,0.0,217488,1014
64100.0,0.0,217488,1014
81100.0,0.0,217488,1014
69100.0,0.0,217488,1014
78200.0,0.0,217488,1014
63700.0,0.0,217488,1014
85400.0,0.0,217488,1014
75400.0,0.0,217488,1014
140500.0,0.0,217488,1014
68200.0,0.0,217488,1014
104700.0,0.0,217488,1014
78400.0,0.0,217488,1014
89800.0,0.0,217488,1014
71100.0,0.0,217488,1014
91400.0,0.0,217488,1014
118200.0,0.0,217488,1014
135600.0,0.0,217488,1014
78000.0,0.0,217488,1014
131700.0,0.0,217488,1014
92000.0,0.0,217488,1014
139900.0,0.0,217488,1014
81500.0,0.0,217488,1014
94700.0,0.0,217488,1014
70600.0,0.0,217488,1014
76700.0,0.0,217488,1014
63400.0,0.0,217488,1014
77900.0,0.0,217488,1014
65400.0,0.0,217488,1014
77000.0,0.0,217488,1014
63300.0,0.0,217488,1014
81400.0,0.0,217488,1014
64800.0,0.0,217488,1014
75700.0,0.0,217488,1014
62800.0,0.0,217488,1014
76800.0,0.0,217488,1014
64000.0,0.0,217488,1014
75400.0,0.0,217488,1014
65100.0,0.0,217488,1014
78800.0,0.0,217488,1014
62700.0,0.0,217488,1014
77900.0,0.0,217488,1014
64000.0,0.0,217488,1014
76700.0,0.0,217488,1014
65400.0,0.0,217488,1014
78000.0,0.0,217488,1014
68000.0,0.0,217488,1014
78300.0,0.0,217488,1014
87600.0,0.0,217488,1014
75800.0,0.0,217488,1014
62200.0,0.0,217488,1014
75300.0,0.0,217488,1014
62400.0,0.0,217488,1014
80000.0,0.0,217488,1014
63200.0,0.0,217488,1014
77200.0,0.0,217488,1014
64000.0,0.0,217488,1014
78500.0,0.0,217488,1014
65100.0,0.0,217488,1014
77600.0,0.0,217488,1014
66300.0,0.0,217488,1014
79900.0,0.0,217488,1014
65000.0,0.0,217488,1014
75900.0,0.0,217488,1014
63800.0,0.0,217488,1014
77500.0,0.0,217488,1014
63900.0,0.0,217488,1014
75800.0,0.0,217488,1014
65900.0,0.0,217488,1014
76000.0,0.0,217488,1014
62400.0,0.0,217488,1014
85800.0,0.0,217488,1014
63800.0,0.0,217488,1014
77600.0,0.0,217488,1014
64500.0,0.0,217488,1014
80700.0,0.0,217488,1014
64700.0,0.0,217488,1014
77100.0,0.0,217488,1014
68400.0,0.0,217488,1014
77100.0,0.0,217488,1014
87400.0,0.0,217488,1014
76900.0,0.0,217488,1014
66200.0,0.0,217488,1014
77800.0,0.0,217488,1014
64800.0,0.0,217488,1014
75800.0,0.0,217488,1014
63300.0,0.0,217488,1014
77300.0,0.0,217488,1014
62300.0,0.0,217488,1014
76300.0,0.0,217488,1014
69100.0,0.0,217488,1014
76500.0,0.0,217488,1014
63500.0,0.0,217488,1014
76000.0,0.0,217488,1014
64100.0,0.0,217488,1014
77300.0,0.0,217488,1014
65100.0,0.0,217488,1014
80200.0,0.0,217488,1014
63400.0,0.0,217488,1014
76500.0,0.0,217488,1014
62900.0,0.0,217488,1014
75900.0,0.0,217488,1014
63000.0,0.0,217488,1014
75800.0,0.0,217488,1014
63600.0,0.0,217488,1014
78700.0,0.0,217488,1014
62500.0,0.0,217488,1014
76800.0,0.0,217488,1014
77700.0,0.0,217488,1014
130600.0,0.0,217488,1014
117500.0,0.0,217488,1014
82300.0,0.0,217488,1014
92800.0,0.0,217488,1014
79700.0,0.0,217488,1014
69600.0,0.0,217488,1014
81600.0,0.0,217488,1014
62600.0,0.0,217488,1014
76400.0,0.0,217488,1014
66100.0,0.0,217488,1014
80000.0,0.0,217488,1014
63300.0,0.0,217488,1014
76600.0,0.0,217488,1014
63900.0,0.0,217488,1014
76000.0,0.0,217488,1014
62400.0,0.0,217488,1014
83900.0,0.0,217488,1014
69300.0,0.0,217488,1014
103500.0,0.0,217488,1014
62800.0,0.0,217488,1014
78900.0,0.0,217488,1014
65700.0,0.0,217488,1014
76600.0,0.0,217488,1014
64500.0,0.0,217488,1014
86100.0,0.0,217488,1014
69800.0,0.0,217488,1014
87000.0,0.0,217488,1014
67900.0,0.0,217488,1014
97900.0,0.0,217488,1014
68200.0,0.0,217488,1014
88500.0,0.0,217488,1014
65200.0,0.0,217488,1014
86100.0,0.0,217488,1014
73000.0,0.0,217488,1014
123800.0,0.0,217488,1014
133600.0,0.0,217488,1014
136500.0,0.0,217488,1014
88900.0,0.0,217488,1014
112100.0,0.0,217488,1014
85800.0,0.0,217488,1014
90900.0,0.0,217488,1014
69500.0,0.0,217488,1014
77200.0,0.0,217488,1014
63800.0,0.0,217488,1014
77300.0,0.0,217488,1014
64800.0,0.0,217488,1014
74800.0,0.0,217488,1014
65600.0,0.0,217488,1014
80000.0,0.0,217488,1014
63100.0,0.0,217488,1014
77600.0,0.0,217488,1014
63800.0,0.0,217488,1014
76500.0,0.0,217488,1014
63700.0,0.0,217488,1014
75300.0,0.0,217488,1014
66900.0,0.0,217488,1014
76300.0,0.0,217488,1014
64000.0,0.0,217488,1014
77600.0,0.0,217488,1014
65500.0,0.0,217488,1014
75200.0,0.0,217488,1014
65200.0,0.0,217488,1014
78800.0,0.0,217488,1014
65400.0,0.0,217488,1014
77700.0,0.0,217488,1014
62800.0,0.0,217488,1014
76700.0,0.0,217488,1014
86000.0,0.0,217488,1014
76000.0,0.0,217488,1014
65700.0,0.0,217488,1014
112000.0,0.0,217488,1014
63200.0,0.0,217488,1014
78500.0,0.0,217488,1014
63200.0,0.0,217488,1014
77800.0,0.0,217488,1014
62200.0,0.0,217488,1014
76700.0,0.0,217488,1014
66500.0,0.0,217488,1014
77200.0,0.0,217488,1014
63000.0,0.0,217488,1014
76200.0,0.0,217488,1014
64300.0,0.0,217488,1014
76900.0,0.0,217488,1014
62300.0,0.0,217488,1014
77700.0,0.0,217488,1014
65300.0,0.0,217488,1014
76700.0,0.0,217488,1014
62800.0,0.0,217488,1014
76200.0,0.0,217488,1014
63600.0,0.0,217488,1014
79900.0,0.0,217488,1014
64300.0,0.0,217488,1014
80200.0,0.0,217488,1014
65000.0,0.0,217488,1014
76400.0,0.0,217488,1014
63800.0,0.0,217488,1014
75600.0,0.0,217488,1014
62700.0,0.0,217488,1014
193700.0,0.0,217488,1014
93300.0,0.0,217488,1014
77800.0,0.0,217488,1014
66100.0,0.0,217488,1014
79700.0,0.0,217488,1014
67900.0,0.0,217488,1014
80000.0,0.0,217488,1014
63200.0,0.0,217488,1014
79100.0,0.0,217488,1014
64400.0,0.0,217488,1014
77500.0,0.0,217488,1014
63200.0,0.0,217488,1014
110300.0,0.0,217488,1014
69500.0,0.0,217488,1014
81800.0,0.0,217488,1014
63800.0,0.0,217488,1014
82900.0,0.0,217488,1014
64200.0,0.0,217488,1014
79400.0,0.0,217488,1014
63900.0,0.0,217488,1014
80100.0,0.0,217488,1014
64400.0,0.0,217488,1014
78100.0,0.0,217488,1014
63700.0,0.0,217488,1014
81600.0,0.0,217488,1014
64400.0,0.0,217488,1014
79300.0,0.0,217488,1014
63800.0,0.0,217488,1014
79100.0,0.0,217488,1014
63700.0,0.0,217488,1014
79900.0,0.0,217488,1014
65400.0,0.0,217488,1014
81000.0,0.0,217488,1014
89800.0,0.0,217488,1014
78500.0,0.0,217488,1014
64700.0,0.0,217488,1014
81800.0,0.0,217488,1014
65000.0,0.0,217488,1014
114000.0,0.0,217488,1014
67100.0,0.0,217488,1014
81500.0,0.0,217488,1014
63800.0,0.0,217488,1014
77600.0,0.0,217488,1014
65000.0,0.0,217488,1014
88600.0,0.0,217488,1014
65500.0,0.0,217488,1014
129600.0,0.0,217488,1014
71300.0,0.0,217488,1014
80800.0,0.0,217488,1014
65000.0,0.0,217488,1014
79900.0,0.0,217488,1014
66400.0,0.0,217488,1014
96400.0,0.0,217488,1014
70500.0,0.0,217488,1014
82300.0,0.0,217488,1014
68300.0,0.0,217488,1014
108600.0,0.0,217488,1014
66500.0,0.0,217488,1014
91600.0,0.0,217488,1014
71600.0,0.0,217488,1014
90000.0,0.0,217488,1014
77800.0,0.0,217488,1014
130200.0,0.0,217488,1014
104000.0,0.0,217488,1014
119100.0,0.0,217488,1014
160300.0,0.0,217488,1014
111000.0,0.0,217488,1014
85200.0,0.0,217488,1014
84700.0,0.0,217488,1014
63800.0,0.0,217488,1014
78900.0,0.0,217488,1014
63000.0,0.0,217488,1014
77900.0,0.0,217488,1014
63200.0,0.0,217488,1014
79000.0,0.0,217488,1014
65800.0,0.0,217488,1014
79500.0,0.0,217488,1014
63800.0,0.0,217488,1014
76300.0,0.0,217488,1014
63300.0,0.0,217488,1014
77300.0,0.0,217488,1014
64400.0,0.0,217488,1014
77200.0,0.0,217488,1014
65300.0,0.0,217488,1014
76700.0,0.0,217488,1014
64000.0,0.0,217488,1014
76800.0,0.0,217488,1014
62900.0,0.0,217488,1014
78000.0,0.0,217488,1014
62900.0,0.0,217488,1014
79700.0,0.0,217488,1014
66700.0,0.0,217488,1014
75800.0,0.0,217488,1014
62800.0,0.0,217488,1014
75900.0,0.0,217488,1014
64900.0,0.0,217488,1014
77900.0,0.0,217488,1014
87600.0,0.0,217488,1014
77000.0,0.0,217488,1014
62300.0,0.0,217488,1014
75200.0,0.0,217488,1014
63900.0,0.0,217488,1014
77900.0,0.0,217488,1014
63300.0,0.0,217488,1014
77500.0,0.0,217488,1014
65300.0,0.0,217488,1014
76800.0,0.0,217488,1014
63100.0,0.0,217488,1014
75800.0,0.0,217488,1014
64300.0,0.0,217488,1014
76700.0,0.0,217488,1014
62400.0,0.0,217488,1014
220300.0,0.0,217488,1014
69000.0,0.0,217488,1014
6.607e6,6.4863e6,217488,1014
89800.0,0.0,217488,1014
78400.0,0.0,217488,1014
88400.0,0.0,217488,1014
128200.0,0.0,217488,1014
86600.0,0.0,217488,1014
76200.0,0.0,217488,1014
85000.0,0.0,217488,1014
79700.0,0.0,217488,1014
76700.0,0.0,217488,1014
53800.0,0.0,217488,1014
81400.0,0.0,217488,1014
66900.0,0.0,217488,1014
79400.0,0.0,217488,1014
68700.0,0.0,217488,1014
93100.0,0.0,217488,1014
68600.0,0.0,217488,1014
80500.0,0.0,217488,1014
77900.0,0.0,217488,1014
57700.0,0.0,217488,1014
52900.0,0.0,217488,1014
51200.0,0.0,217488,1014
50800.0,0.0,217488,1014
53000.0,0.0,217488,1014
51300.0,0.0,217488,1014
85300.0,0.0,217488,1014
71300.0,0.0,217488,1014
79400.0,0.0,217488,1014
66700.0,0.0,217488,1014
80200.0,0.0,217488,1014
65700.0,0.0,217488,1014
90200.0,0.0,217488,1014
65200.0,0.0,217488,1014
85900.0,0.0,217488,1014
79000.0,0.0,217488,1014
78900.0,0.0,217488,1014
70600.0,0.0,217488,1014
82600.0,0.0,217488,1014
66300.0,0.0,217488,1014
78500.0,0.0,217488,1014
64500.0,0.0,217488,1014
58300.0,0.0,217488,1014
53400.0,0.0,217488,1014
57300.0,0.0,217488,1014
50500.0,0.0,217488,1014
78200.0,0.0,217488,1014
66900.0,0.0,217488,1014
78000.0,0.0,217488,1014
64600.0,0.0,217488,1014
56000.0,0.0,217488,1014
51000.0,0.0,217488,1014
56000.0,0.0,217488,1014
49800.0,0.0,217488,1014
54300.0,0.0,217488,1014
50200.0,0.0,217488,1014
54800.0,0.0,217488,1014
50500.0,0.0,217488,1014
56300.0,0.0,217488,1014
51800.0,0.0,217488,1014
79100.0,0.0,217488,1014
53100.0,0.0,217488,1014
82200.0,0.0,217488,1014
75600.0,0.0,217488,1014
87900.0,0.0,217488,1014
76600.0,0.0,217488,1014
80400.0,0.0,217488,1014
70400.0,0.0,217488,1014
86600.0,0.0,217488,1014
75900.0,0.0,217488,1014
85600.0,0.0,217488,1014
66700.0,0.0,217488,1014
78400.0,0.0,217488,1014
69100.0,0.0,217488,1014
80500.0,0.0,217488,1014
66700.0,0.0,217488,1014
83000.0,0.0,217488,1014
67600.0,0.0,217488,1014
79600.0,0.0,217488,1014
70600.0,0.0,217488,1014
81700.0,0.0,217488,1014
